제품명,등급,단가,수량
만년,14세이상,17000,5
만년,14세이상,17000,9
만년,14세이상,17000,9
만년,14세이상,17000,4
만년,14세이상,17000,7
만년,14세이상,17000,10
어둠의 이야기,17세이상,30000,5
어둠의 이야기,17세이상,30000,5
어둠의 이야기,17세이상,30000,9
어둠의 이야기,17세이상,30000,5
블루문,12세이상,20000,4
블루문,12세이상,20000,9
블루문,12세이상,20000,2
블루문,12세이상,20000,6
블루문,12세이상,20000,1
블루문,12세이상,20000,2
용의 전설,18세이상,18000,9
용의 전설,18세이상,18000,2
용의 전설,18세이상,18000,5
용의 전설,18세이상,18000,5
용의 전설,18세이상,18000,4
용의 전설,18세이상,18000,2
용의 전설,18세이상,18000,3
용의 전설,18세이상,18000,2
라나지,18세이상,20000,10
라나지,18세이상,20000,1
라나지,18세이상,20000,1
라나지,18세이상,20000,7
라나지,18세이상,20000,7
라나지,18세이상,20000,6
라나지,18세이상,20000,2
라나지,18세이상,20000,10
라나지,18세이상,20000,1
라나지,18세이상,20000,10
포가튼 왕국2,18세이상,15000,4
포가튼 왕국2,18세이상,15000,4
포가튼 왕국2,18세이상,15000,6
포가튼 왕국2,18세이상,15000,1
포가튼 왕국2,18세이상,15000,8
포가튼 왕국2,18세이상,15000,7
포가튼 왕국2,18세이상,15000,4
메딘,14세이상,10000,2
메딘,14세이상,10000,3
메딘,14세이상,10000,10
메딘,14세이상,10000,9
메딘,14세이상,10000,4
메딘,14세이상,10000,9
메딘,14세이상,10000,5
메딘,14세이상,10000,3
무,15세이상,15000,5
무,15세이상,15000,7
폭풍의 나라,16세이상,13000,10
폭풍의 나라,16세이상,13000,3
폭풍의 나라,16세이상,13000,10
폭풍의 나라,16세이상,13000,7
폭풍의 나라,16세이상,13000,3
폭풍의 나라,16세이상,13000,5
폭풍의 나라,16세이상,13000,5
한국 협객전,18세이상,18000,8
한국 협객전,18세이상,18000,2
